"part_id","hh_id","part_age","part_gender"
1,"FR151",4,"F"
14,"FR1514",26,"F"
19,"FR1519",62,"M"
21,"FR1521",78,"F"
24,"FR1524",62,"F"
25,"FR1525",54,"M"
28,"FR1528",62,"F"
35,"FR1535",35,"F"
38,"FR1538",63,"F"
46,"FR1546",42,"M"
53,"FR1553",59,"F"
60,"FR1560",9,"F"
76,"FR1576",56,"M"
92,"FR1592",55,"F"
94,"FR1594",60,"F"
13,"FR1513",25,"F"
31,"FR1531",71,"M"
105,"FR15105",46,"M"
107,"FR15107",66,"M"
113,"FR15113",60,"F"
115,"FR15115",28,"F"
124,"FR15124",29,"M"
128,"FR15128",53,"M"
140,"FR15140",84,"F"
145,"FR15145",60,"F"
150,"FR15150",59,"F"
152,"FR15152",27,"M"
154,"FR15154",53,"M"
170,"FR15170",59,"M"
171,"FR15171",48,"F"
174,"FR15174",2,"F"
182,"FR15182",36,"M"
224,"FR15224",0,"F"
229,"FR15229",53,"F"
233,"FR15233",6,"M"
255,"FR15255",8,"M"
267,"FR15267",56,"F"
269,"FR15269",0,"M"
272,"FR15272",17,"M"
274,"FR15274",48,"F"
280,"FR15280",75,"F"
293,"FR15293",11,"M"
297,"FR15297",48,"F"
309,"FR15309",45,"F"
311,"FR15311",60,"F"
312,"FR15312",58,"F"
313,"FR15313",34,"F"
315,"FR15315",64,"M"
318,"FR15318",34,"F"
319,"FR15319",68,"F"
342,"FR15342",60,"F"
346,"FR15346",63,"F"
353,"FR15353",62,"F"
365,"FR15365",4,"F"
372,"FR15372",54,"F"
373,"FR15373",55,"F"
375,"FR15375",6,"M"
383,"FR15383",1,"F"
384,"FR15384",56,"F"
385,"FR15385",21,"M"
392,"FR15392",24,"F"
402,"FR15402",82,"M"
403,"FR15403",52,"M"
405,"FR15405",55,"F"
412,"FR15412",33,"M"
413,"FR15413",56,"F"
415,"FR15415",61,"M"
422,"FR15422",66,"F"
431,"FR15431",13,"M"
440,"FR15440",25,"F"
441,"FR15441",67,"F"
444,"FR15444",32,"M"
451,"FR15451",47,"M"
457,"FR15457",13,"M"
468,"FR15468",47,"M"
472,"FR15472",0,"M"
490,"FR15490",16,"M"
492,"FR15492",78,"F"
493,"FR15493",3,"M"
495,"FR15495",71,"F"
496,"FR15496",53,"F"
500,"FR15500",19,"F"
501,"FR15501",14,"F"
506,"FR15506",12,"F"
509,"FR15509",41,"F"
511,"FR15511",56,"M"
518,"FR15518",68,"F"
519,"FR15519",75,"M"
533,"FR15533",15,"F"
537,"FR15537",50,"F"
539,"FR15539",51,"F"
543,"FR15543",49,"F"
548,"FR15548",60,"M"
558,"FR15558",14,"F"
564,"FR15564",63,"M"
565,"FR15565",19,"F"
568,"FR15568",67,"F"
575,"FR15575",9,"M"
576,"FR15576",69,"M"
581,"FR15581",7,"F"
595,"FR15595",1,"F"
598,"FR15598",23,"F"
603,"FR15603",10,"M"
610,"FR15610",50,"F"
616,"FR15616",56,"M"
623,"FR15623",31,"F"
635,"FR15635",82,"F"
637,"FR15637",61,"F"
642,"FR15642",2,"F"
648,"FR15648",51,"M"
653,"FR15653",63,"M"
661,"FR15661",60,"M"
663,"FR15663",75,"F"
664,"FR15664",18,"M"
667,"FR15667",43,"M"
668,"FR15668",13,"M"
673,"FR15673",83,"M"
674,"FR15674",64,"F"
676,"FR15676",48,"M"
678,"FR15678",14,"F"
679,"FR15679",81,"M"
680,"FR15680",40,"F"
689,"FR15689",53,"M"
692,"FR15692",59,"M"
695,"FR15695",1,"F"
697,"FR15697",55,"F"
706,"FR15706",73,"M"
711,"FR15711",78,"F"
721,"FR15721",41,"M"
722,"FR15722",67,"M"
735,"FR15735",69,"F"
753,"FR15753",21,"F"
762,"FR15762",1,"F"
773,"FR15773",58,"F"
779,"FR15779",69,"F"
791,"FR15791",3,"F"
795,"FR15795",38,"F"
800,"FR15800",65,"M"
807,"FR15807",4,"F"
811,"FR15811",55,"F"
815,"FR15815",85,"F"
821,"FR15821",66,"F"
822,"FR15822",72,"M"
825,"FR15825",69,"M"
827,"FR15827",6,"M"
836,"FR15836",7,"M"
837,"FR15837",8,"M"
840,"FR15840",49,"F"
845,"FR15845",12,"M"
848,"FR15848",49,"F"
853,"FR15853",4,"F"
858,"FR15858",16,"M"
860,"FR15860",41,"F"
869,"FR15869",2,"F"
870,"FR15870",65,"M"
878,"FR15878",5,"M"
885,"FR15885",57,"M"
897,"FR15897",3,"M"
907,"FR15907",55,"F"
909,"FR15909",28,"F"
911,"FR15911",70,"F"
917,"FR15917",82,"M"
920,"FR15920",75,"F"
923,"FR15923",70,"M"
931,"FR15931",51,"F"
933,"FR15933",1,"M"
936,"FR15936",13,"F"
944,"FR15944",58,"M"
949,"FR15949",72,"F"
950,"FR15950",2,"M"
952,"FR15952",74,"F"
953,"FR15953",16,"F"
958,"FR15958",57,"M"
963,"FR15963",82,"F"
964,"FR15964",7,"M"
968,"FR15968",70,"M"
970,"FR15970",26,"F"
980,"FR15980",64,"M"
981,"FR15981",15,"M"
988,"FR15988",82,"F"
990,"FR15990",38,"F"
995,"FR15995",12,"M"
996,"FR15996",17,"M"
999,"FR15999",72,"M"
122,"FR15122",74,"M"
374,"FR15374",53,"F"
505,"FR15505",61,"F"
567,"FR15567",50,"F"
873,"FR15873",4,"M"
916,"FR15916",22,"F"
1001,"FR151001",6,"M"
1002,"FR151002",58,"M"
1008,"FR151008",54,"F"
1013,"FR151013",20,"M"
1018,"FR151018",6,"F"
1020,"FR151020",64,"M"
1034,"FR151034",44,"F"
1037,"FR151037",15,"M"
1038,"FR151038",12,"M"
1039,"FR151039",52,"F"
1043,"FR151043",11,"F"
1050,"FR151050",75,"F"
1062,"FR151062",4,"F"
1063,"FR151063",61,"F"
1065,"FR151065",53,"F"
1069,"FR151069",68,"M"
1076,"FR151076",71,"F"
1082,"FR151082",5,"F"
1084,"FR151084",44,"M"
1094,"FR151094",12,"F"
1097,"FR151097",24,"F"
1098,"FR151098",6,"M"
1120,"FR151120",69,"M"
1125,"FR151125",10,"F"
1132,"FR151132",3,"M"
1133,"FR151133",43,"M"
1135,"FR151135",10,"F"
1136,"FR151136",4,"F"
1138,"FR151138",31,"M"
1148,"FR151148",14,"F"
1160,"FR151160",18,"M"
1169,"FR151169",24,"F"
1175,"FR151175",29,"M"
1182,"FR151182",0,"M"
1183,"FR151183",28,"M"
1194,"FR151194",2,"F"
1196,"FR151196",12,"F"
1197,"FR151197",79,"F"
1212,"FR151212",9,"F"
1216,"FR151216",49,"M"
1219,"FR151219",0,"M"
1221,"FR151221",70,"F"
1228,"FR151228",5,"M"
1230,"FR151230",59,"F"
1236,"FR151236",1,"F"
1237,"FR151237",60,"F"
1239,"FR151239",2,"F"
1244,"FR151244",62,"M"
1251,"FR151251",71,"F"
1254,"FR151254",61,"F"
1258,"FR151258",64,"F"
1259,"FR151259",49,"F"
1264,"FR151264",83,"F"
1265,"FR151265",66,"M"
1266,"FR151266",20,"F"
1275,"FR151275",6,"M"
1278,"FR151278",65,"M"
1282,"FR151282",24,"M"
1286,"FR151286",53,"M"
1287,"FR151287",62,"F"
1290,"FR151290",89,"M"
1292,"FR151292",67,"M"
1295,"FR151295",0,"F"
1299,"FR151299",63,"F"
1304,"FR151304",11,"M"
1305,"FR151305",1,"F"
1306,"FR151306",7,"M"
1307,"FR151307",68,"F"
1310,"FR151310",62,"F"
1311,"FR151311",59,"F"
1312,"FR151312",61,"M"
1313,"FR151313",84,"F"
1315,"FR151315",67,"F"
1316,"FR151316",68,"F"
1319,"FR151319",64,"F"
1323,"FR151323",69,"F"
1325,"FR151325",11,"M"
1334,"FR151334",63,"F"
1337,"FR151337",8,"F"
1347,"FR151347",63,"M"
1352,"FR151352",48,"F"
1355,"FR151355",15,"F"
1359,"FR151359",63,"F"
1370,"FR151370",61,"F"
1375,"FR151375",3,"M"
1376,"FR151376",62,"F"
1377,"FR151377",11,"M"
1381,"FR151381",7,"M"
1383,"FR151383",61,"M"
1388,"FR151388",78,"F"
1390,"FR151390",10,"M"
1406,"FR151406",15,"F"
1407,"FR151407",56,"M"
1412,"FR151412",74,"M"
1415,"FR151415",54,"F"
1417,"FR151417",4,"M"
1434,"FR151434",0,"F"
1436,"FR151436",64,"F"
1442,"FR151442",69,"F"
1449,"FR151449",67,"M"
1450,"FR151450",71,"M"
1453,"FR151453",66,"F"
1455,"FR151455",68,"M"
1457,"FR151457",67,"F"
1460,"FR151460",62,"F"
1462,"FR151462",69,"M"
1467,"FR151467",20,"M"
1469,"FR151469",72,"F"
1475,"FR151475",6,"M"
1481,"FR151481",66,"F"
1495,"FR151495",2,"F"
1498,"FR151498",50,"F"
1499,"FR151499",69,"M"
1503,"FR151503",78,"M"
1504,"FR151504",68,"M"
1528,"FR151528",13,"M"
1532,"FR151532",51,"M"
1534,"FR151534",4,"F"
1541,"FR151541",11,"F"
1547,"FR151547",64,"F"
1551,"FR151551",77,"F"
1557,"FR151557",3,"F"
1563,"FR151563",64,"M"
1569,"FR151569",52,"F"
1578,"FR151578",74,"M"
1586,"FR151586",9,"F"
1590,"FR151590",0,"F"
1592,"FR151592",54,"M"
1597,"FR151597",12,"F"
1620,"FR151620",70,"F"
1629,"FR151629",71,"F"
1633,"FR151633",19,"M"
1637,"FR151637",10,"F"
1639,"FR151639",50,"F"
1640,"FR151640",1,"F"
1649,"FR151649",27,"M"
1650,"FR151650",60,"M"
1659,"FR151659",65,"F"
1678,"FR151678",69,"M"
1679,"FR151679",54,"F"
1680,"FR151680",43,"F"
1681,"FR151681",57,"F"
1690,"FR151690",29,"M"
1691,"FR151691",47,"F"
1693,"FR151693",6,"F"
1696,"FR151696",69,"F"
1700,"FR151700",12,"F"
1711,"FR151711",85,"M"
1714,"FR151714",62,"F"
1715,"FR151715",61,"M"
1718,"FR151718",58,"M"
1726,"FR151726",70,"M"
1734,"FR151734",9,"M"
1738,"FR151738",26,"M"
1745,"FR151745",73,"F"
1747,"FR151747",8,"F"
1757,"FR151757",2,"F"
1758,"FR151758",6,"M"
1764,"FR151764",20,"F"
1768,"FR151768",45,"F"
1771,"FR151771",10,"M"
1773,"FR151773",64,"M"
1776,"FR151776",46,"M"
1782,"FR151782",66,"M"
1783,"FR151783",22,"F"
1786,"FR151786",16,"M"
1792,"FR151792",76,"F"
1802,"FR151802",60,"F"
1803,"FR151803",76,"M"
1812,"FR151812",22,"F"
1821,"FR151821",9,"M"
1822,"FR151822",2,"F"
1827,"FR151827",57,"F"
1831,"FR151831",2,"M"
1843,"FR151843",55,"M"
1846,"FR151846",57,"F"
1848,"FR151848",3,"M"
1854,"FR151854",12,"F"
1866,"FR151866",53,"M"
1883,"FR151883",14,"F"
1884,"FR151884",43,"M"
1885,"FR151885",76,"F"
1888,"FR151888",24,"F"
1889,"FR151889",34,"F"
1893,"FR151893",16,"F"
1895,"FR151895",63,"F"
1899,"FR151899",57,"M"
1901,"FR151901",7,"M"
1902,"FR151902",60,"F"
1907,"FR151907",10,"M"
1915,"FR151915",65,"F"
1919,"FR151919",55,"F"
1920,"FR151920",7,"F"
1925,"FR151925",59,"F"
1927,"FR151927",14,"M"
1928,"FR151928",12,"F"
1929,"FR151929",61,"F"
1931,"FR151931",74,"F"
1950,"FR151950",8,"F"
1956,"FR151956",14,"M"
1961,"FR151961",55,"F"
1974,"FR151974",63,"F"
1975,"FR151975",2,"M"
1987,"FR151987",59,"M"
2000,"FR152000",15,"F"
2004,"FR152004",8,"M"
2006,"FR152006",8,"M"
2007,"FR152007",23,"F"
2015,"FR152015",2,"F"
2016,"FR152016",11,"M"
2017,"FR152017",72,"F"
2024,"FR152024",61,"M"
2026,"FR152026",61,"F"
2038,"FR152038",62,"M"
2046,"FR152046",63,"F"
2047,"FR152047",62,"F"
2063,"FR152063",43,"M"
2069,"FR152069",13,"M"
2078,"FR152078",9,"F"
2086,"FR152086",61,"M"
2087,"FR152087",54,"F"
2090,"FR152090",51,"F"
2101,"FR152101",69,"M"
2106,"FR152106",64,"M"
2107,"FR152107",44,"M"
2121,"FR152121",3,"M"
2134,"FR152134",59,"M"
2136,"FR152136",19,"F"
2144,"FR152144",54,"F"
2158,"FR152158",21,"M"
2160,"FR152160",45,"F"
2176,"FR152176",21,"F"
2180,"FR152180",0,"M"
2186,"FR152186",1,"M"
2192,"FR152192",3,"F"
2197,"FR152197",10,"M"
2201,"FR152201",23,"F"
2203,"FR152203",4,"M"
2205,"FR152205",30,"F"
2209,"FR152209",88,"F"
2215,"FR152215",58,"F"
2217,"FR152217",53,"F"
2218,"FR152218",1,"F"
2230,"FR152230",84,"M"
2238,"FR152238",18,"F"
2241,"FR152241",10,"F"
2251,"FR152251",20,"M"
2256,"FR152256",2,"M"
2258,"FR152258",12,"F"
2263,"FR152263",31,"M"
2268,"FR152268",2,"F"
2269,"FR152269",66,"M"
2276,"FR152276",11,"M"
2278,"FR152278",22,"F"
2281,"FR152281",69,"M"
2286,"FR152286",16,"M"
2295,"FR152295",51,"F"
2296,"FR152296",4,"M"
2299,"FR152299",31,"F"
2300,"FR152300",0,"F"
2304,"FR152304",39,"M"
2306,"FR152306",3,"M"
2309,"FR152309",12,"F"
2314,"FR152314",78,"M"
2323,"FR152323",67,"F"
2326,"FR152326",19,"F"
2327,"FR152327",13,"F"
2329,"FR152329",65,"F"
2335,"FR152335",6,"M"
2337,"FR152337",16,"F"
2341,"FR152341",1,"F"
2343,"FR152343",14,"M"
2347,"FR152347",70,"M"
2350,"FR152350",4,"F"
2359,"FR152359",71,"M"
2360,"FR152360",54,"F"
2361,"FR152361",1,"M"
2365,"FR152365",52,"M"
2368,"FR152368",13,"F"
2369,"FR152369",89,"F"
2372,"FR152372",11,"F"
2379,"FR152379",12,"M"
2384,"FR152384",14,"M"
2386,"FR152386",4,"M"
2388,"FR152388",1,"M"
2393,"FR152393",65,"F"
2398,"FR152398",6,"F"
2415,"FR152415",12,"M"
2427,"FR152427",79,"F"
2448,"FR152448",15,"M"
2475,"FR152475",71,"F"
2480,"FR152480",70,"F"
2482,"FR152482",67,"F"
2489,"FR152489",65,"M"
2502,"FR152502",68,"M"
2508,"FR152508",79,"F"
2513,"FR152513",4,"M"
2514,"FR152514",65,"M"
2515,"FR152515",76,"M"
2517,"FR152517",71,"M"
2530,"FR152530",41,"M"
2535,"FR152535",1,"F"
2540,"FR152540",2,"F"
2562,"FR152562",6,"M"
2570,"FR152570",76,"F"
2576,"FR152576",6,"F"
2588,"FR152588",48,"F"
2590,"FR152590",11,"M"
2591,"FR152591",49,"F"
2597,"FR152597",9,"M"
2599,"FR152599",87,"F"
2604,"FR152604",12,"M"
2610,"FR152610",2,"F"
2618,"FR152618",67,"F"
2625,"FR152625",13,"F"
2637,"FR152637",80,"F"
2642,"FR152642",70,"M"
2645,"FR152645",14,"F"
2648,"FR152648",7,"F"
2657,"FR152657",54,"F"
2658,"FR152658",15,"F"
2676,"FR152676",44,"F"
2711,"FR152711",49,"F"
2714,"FR152714",73,"M"
2738,"FR152738",1,"F"
2762,"FR152762",70,"M"
2766,"FR152766",68,"F"
2771,"FR152771",2,"F"
2774,"FR152774",66,"M"
2789,"FR152789",10,"M"
2793,"FR152793",50,"M"
2803,"FR152803",77,"M"
2806,"FR152806",67,"M"
2811,"FR152811",74,"M"
2813,"FR152813",15,"F"
2818,"FR152818",74,"F"
2827,"FR152827",9,"F"
2832,"FR152832",66,"F"
2851,"FR152851",0,"F"
2859,"FR152859",36,"F"
2879,"FR152879",31,"M"
2885,"FR152885",1,"F"
2889,"FR152889",86,"F"
2892,"FR152892",68,"M"
2897,"FR152897",1,"M"
2902,"FR152902",66,"F"
2916,"FR152916",76,"F"
2917,"FR152917",72,"M"
2929,"FR152929",3,"M"
2936,"FR152936",13,"F"
2941,"FR152941",7,"M"
2958,"FR152958",7,"F"
2960,"FR152960",70,"F"
2969,"FR152969",24,"F"
2971,"FR152971",48,"M"
2988,"FR152988",8,"M"
2994,"FR152994",4,"M"
2999,"FR152999",76,"M"
3005,"FR153005",54,"F"
3006,"FR153006",49,"F"
3016,"FR153016",1,"M"
3031,"FR153031",39,"F"
3038,"FR153038",44,"M"
3059,"FR153059",47,"F"
3066,"FR153066",43,"F"
3070,"FR153070",45,"M"
3071,"FR153071",45,"F"
3077,"FR153077",70,"M"
3102,"FR153102",30,"F"
3116,"FR153116",4,"M"
3122,"FR153122",5,"F"
3142,"FR153142",74,"F"
3162,"FR153162",4,"F"
3169,"FR153169",2,"F"
3170,"FR153170",3,"M"
3176,"FR153176",23,"F"
3181,"FR153181",22,"M"
3184,"FR153184",18,"M"
3194,"FR153194",5,"M"
3218,"FR153218",28,"M"
3220,"FR153220",18,"F"
3225,"FR153225",18,"M"
3238,"FR153238",2,"M"
3245,"FR153245",66,"F"
3260,"FR153260",69,"M"
3283,"FR153283",74,"F"
3292,"FR153292",32,"M"
3302,"FR153302",25,"F"
3312,"FR153312",35,"F"
3314,"FR153314",7,"F"
3317,"FR153317",80,"F"
3319,"FR153319",68,"M"
3322,"FR153322",68,"F"
3326,"FR153326",7,"F"
3356,"FR153356",66,"F"
3382,"FR153382",70,"F"
3384,"FR153384",65,"M"
3385,"FR153385",68,"M"
3390,"FR153390",67,"M"
3394,"FR153394",85,"F"
3408,"FR153408",83,"F"
3409,"FR153409",33,"F"
3423,"FR153423",7,"M"
3430,"FR153430",38,"F"
3431,"FR153431",2,"F"
3446,"FR153446",36,"M"
3482,"FR153482",67,"F"
3490,"FR153490",23,"F"
3500,"FR153500",4,"M"
3503,"FR153503",71,"F"
3523,"FR153523",1,"F"
3530,"FR153530",79,"M"
3552,"FR153552",2,"M"
3579,"FR153579",9,"F"
3586,"FR153586",21,"F"
3600,"FR153600",72,"M"
3607,"FR153607",69,"M"
3624,"FR153624",3,"M"
3637,"FR153637",28,"F"
3641,"FR153641",9,"M"
3643,"FR153643",7,"M"
3652,"FR153652",66,"M"
3654,"FR153654",2,"F"
3655,"FR153655",84,"M"
3674,"FR153674",38,"F"
3715,"FR153715",32,"M"
3719,"FR153719",39,"M"
3738,"FR153738",33,"F"
3746,"FR153746",77,"F"
3747,"FR153747",85,"F"
3756,"FR153756",20,"M"
3764,"FR153764",8,"M"
3782,"FR153782",9,"F"
3794,"FR153794",3,"M"
3803,"FR153803",66,"M"
3813,"FR153813",32,"M"
3826,"FR153826",74,"F"
3827,"FR153827",68,"M"
3842,"FR153842",69,"M"
3849,"FR153849",2,"M"
3852,"FR153852",6,"M"
3882,"FR153882",68,"F"
3896,"FR153896",65,"F"
3899,"FR153899",29,"F"
3902,"FR153902",2,"F"
3903,"FR153903",22,"F"
3916,"FR153916",77,"F"
3918,"FR153918",1,"M"
3925,"FR153925",69,"F"
3927,"FR153927",2,"F"
3928,"FR153928",72,"F"
3941,"FR153941",3,"F"
3950,"FR153950",4,"M"
3965,"FR153965",8,"M"
3984,"FR153984",37,"F"
3989,"FR153989",8,"M"
3996,"FR153996",0,"M"
4004,"FR154004",4,"F"
4006,"FR154006",2,"M"
4009,"FR154009",9,"M"
4018,"FR154018",1,"F"
4019,"FR154019",1,"F"
4027,"FR154027",24,"M"
4034,"FR154034",0,"F"
4039,"FR154039",9,"M"
4040,"FR154040",3,"M"
4051,"FR154051",5,"M"
4055,"FR154055",9,"M"
4056,"FR154056",3,"M"
4058,"FR154058",4,"F"
4063,"FR154063",1,"F"
4077,"FR154077",1,"F"
4084,"FR154084",5,"M"
4087,"FR154087",9,"F"
4088,"FR154088",9,"M"
4090,"FR154090",21,"F"
4124,"FR154124",5,"F"
4150,"FR154150",29,"F"
4155,"FR154155",22,"F"
4163,"FR154163",5,"M"
4193,"FR154193",8,"F"
4196,"FR154196",4,"F"
4201,"FR154201",5,"M"
4232,"FR154232",3,"F"
4247,"FR154247",28,"M"
4280,"FR154280",19,"F"
4291,"FR154291",0,"M"
4298,"FR154298",29,"M"
4300,"FR154300",23,"M"
4307,"FR154307",4,"F"
4310,"FR154310",21,"M"
4317,"FR154317",39,"F"
4321,"FR154321",2,"M"
4327,"FR154327",27,"F"
4349,"FR154349",32,"M"
4352,"FR154352",5,"F"
4354,"FR154354",24,"M"
4371,"FR154371",19,"F"
4391,"FR154391",19,"F"
4402,"FR154402",26,"M"
4410,"FR154410",20,"F"
4413,"FR154413",0,"F"
4420,"FR154420",21,"M"
4449,"FR154449",23,"F"
4450,"FR154450",36,"F"
4454,"FR154454",18,"M"
4463,"FR154463",18,"F"
4464,"FR154464",18,"F"
4466,"FR154466",28,"F"
4467,"FR154467",25,"F"
4489,"FR154489",19,"M"
4506,"FR154506",9,"M"
4521,"FR154521",23,"F"
4526,"FR154526",19,"M"
4532,"FR154532",7,"M"
4545,"FR154545",6,"M"
4561,"FR154561",1,"M"
4566,"FR154566",1,"F"
4599,"FR154599",0,"M"
4605,"FR154605",21,"M"
4650,"FR154650",19,"F"
4682,"FR154682",6,"M"
4696,"FR154696",5,"F"
4700,"FR154700",0,"M"
4706,"FR154706",5,"M"
4707,"FR154707",7,"M"
4709,"FR154709",9,"M"
4716,"FR154716",5,"F"
4721,"FR154721",5,"F"
4724,"FR154724",0,"M"
4749,"FR154749",0,"M"
4753,"FR154753",7,"F"
4771,"FR154771",4,"F"
4775,"FR154775",9,"M"
4807,"FR154807",9,"F"
4808,"FR154808",4,"F"
4823,"FR154823",3,"M"
4826,"FR154826",3,"M"
4829,"FR154829",5,"F"
4835,"FR154835",8,"F"
4839,"FR154839",5,"M"
4845,"FR154845",5,"M"
4846,"FR154846",6,"M"
4874,"FR154874",5,"M"
4885,"FR154885",6,"M"
4892,"FR154892",2,"M"
4893,"FR154893",1,"F"
1754,"FR151754",62,"M"
1841,"FR151841",2,"M"
4007,"FR154007",5,"F"
4550,"FR154550",24,"M"
4914,"FR154914",65,"M"
4918,"FR154918",8,"F"
4919,"FR154919",15,"F"
4922,"FR154922",18,"M"
4935,"FR154935",47,"F"
4947,"FR154947",8,"F"
4986,"FR154986",63,"M"
4991,"FR154991",2,"M"
5009,"FR155009",63,"F"
5011,"FR155011",66,"F"
5018,"FR155018",61,"F"
5028,"FR155028",64,"F"
5029,"FR155029",7,"M"
5068,"FR155068",77,"M"
5074,"FR155074",84,"M"
5080,"FR155080",61,"F"
5081,"FR155081",66,"M"
5084,"FR155084",20,"F"
5086,"FR155086",66,"F"
5089,"FR155089",4,"M"
5100,"FR155100",45,"M"
5105,"FR155105",4,"M"
5109,"FR155109",81,"F"
5117,"FR155117",41,"F"
5135,"FR155135",62,"M"
5139,"FR155139",72,"F"
5145,"FR155145",75,"M"
5152,"FR155152",67,"F"
5174,"FR155174",57,"F"
5185,"FR155185",62,"F"
5203,"FR155203",39,"F"
5207,"FR155207",9,"M"
5208,"FR155208",55,"F"
5219,"FR155219",10,"F"
5220,"FR155220",42,"F"
5232,"FR155232",56,"M"
5245,"FR155245",16,"M"
5248,"FR155248",70,"F"
5251,"FR155251",57,"M"
5258,"FR155258",53,"F"
5291,"FR155291",29,"F"
5307,"FR155307",67,"F"
5315,"FR155315",32,"F"
5328,"FR155328",60,"M"
5333,"FR155333",43,"M"
5338,"FR155338",63,"M"
5388,"FR155388",57,"F"
5390,"FR155390",63,"M"
5407,"FR155407",52,"F"
5416,"FR155416",4,"F"
5422,"FR155422",48,"F"
5425,"FR155425",11,"M"
5439,"FR155439",47,"F"
5442,"FR155442",5,"M"
5447,"FR155447",86,"M"
5454,"FR155454",11,"M"
5459,"FR155459",78,"F"
5469,"FR155469",54,"F"
5492,"FR155492",55,"F"
5513,"FR155513",64,"F"
5519,"FR155519",60,"F"
5521,"FR155521",64,"F"
5541,"FR155541",45,"F"
5544,"FR155544",7,"M"
5549,"FR155549",63,"F"
5562,"FR155562",8,"M"
5578,"FR155578",67,"M"
5589,"FR155589",8,"F"
5603,"FR155603",48,"M"
5609,"FR155609",75,"M"
5613,"FR155613",39,"F"
5623,"FR155623",42,"M"
5643,"FR155643",48,"F"
5658,"FR155658",45,"M"
5663,"FR155663",75,"M"
5673,"FR155673",73,"M"
5675,"FR155675",60,"F"
5688,"FR155688",62,"F"
5710,"FR155710",85,"M"
5723,"FR155723",66,"F"
5733,"FR155733",9,"F"
5740,"FR155740",50,"F"
5744,"FR155744",59,"F"
5748,"FR155748",2,"M"
5751,"FR155751",76,"F"
5752,"FR155752",4,"F"
5754,"FR155754",84,"M"
5758,"FR155758",14,"F"
5768,"FR155768",43,"F"
5771,"FR155771",79,"F"
5783,"FR155783",50,"F"
5793,"FR155793",65,"M"
5794,"FR155794",56,"M"
5799,"FR155799",68,"M"
5800,"FR155800",49,"F"
5803,"FR155803",13,"F"
5809,"FR155809",48,"F"
5819,"FR155819",61,"F"
5828,"FR155828",62,"M"
5831,"FR155831",33,"M"
5844,"FR155844",61,"F"
5867,"FR155867",58,"M"
5901,"FR155901",0,"F"
5908,"FR155908",49,"F"
5909,"FR155909",58,"F"
5914,"FR155914",1,"F"
5921,"FR155921",16,"F"
5924,"FR155924",78,"F"
5934,"FR155934",75,"M"
5946,"FR155946",56,"F"
5953,"FR155953",42,"F"
5954,"FR155954",2,"F"
5960,"FR155960",24,"F"
5974,"FR155974",64,"F"
5989,"FR155989",67,"M"
6001,"FR156001",1,"M"
6017,"FR156017",74,"F"
6019,"FR156019",83,"M"
6046,"FR156046",54,"F"
6063,"FR156063",64,"M"
6065,"FR156065",0,"F"
6075,"FR156075",62,"M"
6093,"FR156093",68,"F"
6111,"FR156111",59,"M"
6114,"FR156114",12,"F"
6122,"FR156122",68,"F"
6130,"FR156130",14,"F"
6169,"FR156169",62,"F"
6174,"FR156174",60,"F"
6195,"FR156195",59,"M"
6215,"FR156215",48,"M"
6235,"FR156235",52,"M"
6243,"FR156243",70,"F"
6247,"FR156247",39,"F"
6258,"FR156258",62,"M"
6259,"FR156259",18,"F"
6265,"FR156265",67,"F"
6273,"FR156273",62,"F"
6281,"FR156281",28,"M"
6290,"FR156290",18,"F"
6307,"FR156307",19,"F"
6309,"FR156309",20,"M"
6314,"FR156314",20,"M"
6316,"FR156316",12,"F"
6323,"FR156323",18,"F"
6332,"FR156332",62,"M"
6333,"FR156333",31,"F"
6349,"FR156349",41,"M"
6355,"FR156355",64,"M"
6363,"FR156363",75,"M"
6364,"FR156364",74,"F"
6375,"FR156375",58,"M"
6381,"FR156381",63,"M"
6382,"FR156382",68,"F"
6385,"FR156385",60,"F"
6390,"FR156390",23,"F"
6402,"FR156402",49,"F"
6424,"FR156424",57,"F"
6439,"FR156439",64,"F"
6442,"FR156442",47,"F"
6444,"FR156444",60,"M"
6449,"FR156449",3,"F"
6463,"FR156463",13,"M"
6466,"FR156466",24,"F"
6477,"FR156477",56,"F"
6490,"FR156490",41,"F"
6498,"FR156498",13,"F"
6503,"FR156503",60,"M"
6515,"FR156515",6,"F"
6529,"FR156529",45,"M"
6534,"FR156534",64,"F"
6543,"FR156543",6,"F"
6545,"FR156545",69,"F"
6546,"FR156546",52,"F"
6550,"FR156550",50,"F"
6561,"FR156561",47,"M"
6568,"FR156568",30,"F"
6577,"FR156577",81,"M"
6582,"FR156582",13,"F"
6585,"FR156585",55,"F"
6594,"FR156594",71,"M"
6602,"FR156602",2,"F"
6609,"FR156609",8,"M"
6619,"FR156619",13,"F"
6626,"FR156626",60,"M"
6628,"FR156628",70,"M"
6630,"FR156630",68,"F"
6645,"FR156645",1,"M"
6650,"FR156650",7,"F"
6659,"FR156659",13,"F"
6666,"FR156666",3,"F"
6668,"FR156668",21,"F"
6681,"FR156681",4,"M"
6688,"FR156688",73,"F"
6707,"FR156707",47,"M"
6713,"FR156713",10,"M"
6725,"FR156725",46,"M"
6737,"FR156737",25,"M"
6739,"FR156739",6,"F"
6746,"FR156746",68,"M"
6754,"FR156754",80,"F"
6758,"FR156758",64,"F"
6764,"FR156764",63,"F"
6771,"FR156771",4,"M"
6772,"FR156772",22,"F"
6776,"FR156776",42,"F"
6787,"FR156787",20,"F"
6794,"FR156794",50,"F"
6799,"FR156799",2,"F"
6808,"FR156808",44,"F"
6827,"FR156827",63,"F"
6835,"FR156835",58,"F"
6837,"FR156837",60,"M"
6859,"FR156859",13,"F"
6895,"FR156895",20,"M"
6899,"FR156899",18,"F"
6904,"FR156904",46,"M"
6912,"FR156912",10,"F"
6933,"FR156933",64,"F"
6940,"FR156940",6,"F"
6978,"FR156978",55,"M"
6982,"FR156982",58,"F"
6985,"FR156985",63,"F"
6997,"FR156997",5,"M"
7013,"FR157013",29,"M"
7023,"FR157023",88,"F"
7053,"FR157053",65,"F"
7061,"FR157061",74,"M"
7065,"FR157065",59,"F"
7070,"FR157070",48,"F"
7072,"FR157072",72,"M"
7123,"FR157123",42,"F"
7127,"FR157127",36,"M"
7129,"FR157129",58,"M"
7136,"FR157136",50,"M"
7148,"FR157148",48,"F"
7150,"FR157150",3,"M"
7155,"FR157155",69,"F"
7185,"FR157185",74,"F"
7194,"FR157194",9,"F"
7206,"FR157206",53,"F"
7236,"FR157236",0,"M"
7245,"FR157245",6,"F"
7258,"FR157258",6,"F"
7262,"FR157262",61,"M"
7269,"FR157269",63,"F"
7274,"FR157274",2,"M"
7283,"FR157283",65,"F"
7284,"FR157284",52,"F"
7289,"FR157289",72,"F"
7297,"FR157297",64,"F"
7303,"FR157303",10,"F"
7339,"FR157339",26,"M"
7352,"FR157352",56,"M"
7354,"FR157354",57,"F"
7357,"FR157357",41,"F"
7359,"FR157359",9,"F"
7360,"FR157360",11,"M"
7383,"FR157383",0,"F"
7389,"FR157389",50,"F"
7400,"FR157400",62,"M"
7401,"FR157401",71,"M"
7403,"FR157403",16,"M"
7407,"FR157407",67,"M"
7409,"FR157409",9,"M"
7411,"FR157411",1,"F"
7413,"FR157413",61,"M"
7420,"FR157420",2,"M"
7441,"FR157441",67,"F"
7461,"FR157461",73,"M"
7467,"FR157467",60,"F"
7495,"FR157495",58,"F"
7513,"FR157513",0,"F"
7516,"FR157516",15,"F"
7521,"FR157521",66,"F"
7525,"FR157525",56,"F"
7528,"FR157528",12,"M"
7544,"FR157544",4,"M"
7546,"FR157546",17,"M"
7554,"FR157554",62,"F"
7555,"FR157555",59,"F"
7569,"FR157569",53,"F"
7583,"FR157583",58,"F"
7588,"FR157588",58,"F"
7590,"FR157590",78,"F"
7595,"FR157595",44,"F"
7597,"FR157597",10,"M"
7600,"FR157600",56,"M"
7607,"FR157607",68,"M"
7621,"FR157621",63,"F"
7652,"FR157652",54,"F"
7660,"FR157660",47,"F"
7666,"FR157666",59,"F"
7672,"FR157672",4,"F"
7674,"FR157674",73,"F"
7675,"FR157675",16,"M"
7694,"FR157694",7,"M"
7695,"FR157695",8,"M"
7721,"FR157721",0,"M"
7723,"FR157723",80,"F"
7731,"FR157731",65,"F"
7748,"FR157748",66,"F"
7798,"FR157798",61,"M"
7801,"FR157801",4,"F"
7807,"FR157807",48,"M"
7810,"FR157810",65,"F"
7812,"FR157812",63,"F"
7823,"FR157823",65,"F"
7865,"FR157865",72,"M"
7867,"FR157867",63,"F"
7894,"FR157894",1,"F"
7914,"FR157914",6,"F"
7924,"FR157924",66,"M"
7937,"FR157937",54,"F"
7945,"FR157945",68,"F"
7952,"FR157952",74,"F"
7957,"FR157957",14,"F"
7965,"FR157965",57,"M"
7974,"FR157974",16,"M"
7982,"FR157982",2,"F"
7992,"FR157992",55,"M"
7993,"FR157993",62,"M"
8020,"FR158020",3,"M"
8023,"FR158023",22,"F"
8027,"FR158027",50,"M"
8032,"FR158032",19,"M"
8041,"FR158041",19,"F"
8047,"FR158047",8,"M"
8065,"FR158065",17,"M"
8071,"FR158071",2,"F"
8081,"FR158081",64,"M"
8089,"FR158089",81,"M"
8097,"FR158097",8,"M"
8108,"FR158108",0,"M"
8137,"FR158137",66,"F"
8145,"FR158145",55,"M"
8150,"FR158150",55,"F"
8161,"FR158161",73,"M"
8177,"FR158177",61,"F"
8181,"FR158181",32,"F"
8195,"FR158195",69,"F"
8208,"FR158208",60,"F"
8227,"FR158227",68,"M"
8228,"FR158228",78,"F"
8231,"FR158231",15,"M"
8232,"FR158232",39,"F"
8234,"FR158234",45,"M"
8239,"FR158239",62,"F"
8258,"FR158258",3,"M"
8265,"FR158265",55,"F"
8271,"FR158271",62,"F"
8274,"FR158274",68,"F"
8276,"FR158276",5,"F"
8282,"FR158282",57,"F"
8287,"FR158287",18,"F"
8288,"FR158288",61,"F"
8292,"FR158292",49,"F"
8300,"FR158300",68,"M"
8304,"FR158304",58,"F"
8318,"FR158318",57,"F"
8320,"FR158320",2,"M"
8324,"FR158324",7,"M"
8328,"FR158328",1,"M"
8333,"FR158333",37,"M"
8334,"FR158334",60,"F"
8361,"FR158361",50,"M"
8363,"FR158363",58,"F"
8390,"FR158390",81,"F"
8409,"FR158409",48,"M"
8429,"FR158429",69,"M"
8437,"FR158437",63,"M"
8441,"FR158441",19,"F"
8460,"FR158460",89,"M"
8486,"FR158486",65,"F"
8494,"FR158494",4,"M"
8502,"FR158502",50,"F"
8504,"FR158504",4,"M"
8519,"FR158519",51,"F"
8530,"FR158530",51,"M"
8532,"FR158532",9,"M"
8574,"FR158574",7,"M"
8601,"FR158601",47,"F"
8604,"FR158604",21,"M"
8606,"FR158606",2,"F"
8631,"FR158631",6,"M"
8643,"FR158643",74,"F"
8662,"FR158662",66,"F"
8666,"FR158666",66,"F"
8674,"FR158674",41,"F"
8684,"FR158684",33,"F"
8696,"FR158696",1,"M"
8710,"FR158710",1,"F"
8714,"FR158714",65,"M"
8719,"FR158719",8,"M"
8744,"FR158744",5,"M"
8753,"FR158753",50,"M"
8758,"FR158758",75,"M"
8763,"FR158763",63,"M"
8766,"FR158766",64,"F"
8767,"FR158767",68,"M"
8774,"FR158774",89,"F"
8784,"FR158784",72,"F"
8788,"FR158788",59,"M"
8793,"FR158793",66,"F"
8797,"FR158797",73,"F"
8840,"FR158840",77,"F"
8853,"FR158853",69,"M"
8861,"FR158861",66,"M"
8863,"FR158863",5,"F"
8884,"FR158884",79,"F"
8898,"FR158898",2,"M"
8930,"FR158930",15,"F"
8938,"FR158938",72,"F"
8953,"FR158953",9,"M"
8957,"FR158957",77,"F"
8959,"FR158959",84,"F"
8960,"FR158960",54,"F"
8974,"FR158974",11,"M"
8977,"FR158977",12,"F"
8995,"FR158995",2,"F"
9005,"FR159005",68,"F"
9025,"FR159025",69,"F"
9033,"FR159033",8,"F"
9066,"FR159066",50,"F"
9071,"FR159071",2,"F"
9078,"FR159078",22,"F"
9079,"FR159079",2,"M"
9113,"FR159113",68,"M"
9122,"FR159122",72,"F"
9130,"FR159130",47,"F"
9145,"FR159145",28,"F"
9151,"FR159151",54,"M"
9172,"FR159172",19,"F"
9177,"FR159177",65,"F"
9178,"FR159178",47,"M"
9182,"FR159182",13,"F"
9190,"FR159190",38,"F"
9217,"FR159217",78,"F"
9256,"FR159256",38,"F"
9257,"FR159257",72,"F"
9258,"FR159258",74,"M"
9261,"FR159261",77,"M"
9264,"FR159264",24,"F"
9285,"FR159285",19,"M"
9291,"FR159291",51,"F"
9319,"FR159319",36,"M"
9356,"FR159356",81,"M"
9371,"FR159371",8,"F"
9373,"FR159373",18,"F"
9380,"FR159380",1,"F"
9391,"FR159391",2,"F"
9403,"FR159403",73,"M"
9406,"FR159406",0,"M"
9421,"FR159421",43,"F"
9434,"FR159434",18,"F"
9450,"FR159450",39,"F"
9470,"FR159470",9,"M"
9475,"FR159475",69,"F"
9486,"FR159486",21,"F"
9488,"FR159488",68,"F"
9498,"FR159498",8,"M"
9521,"FR159521",52,"F"
9523,"FR159523",39,"F"
9530,"FR159530",22,"M"
9559,"FR159559",78,"F"
9564,"FR159564",42,"F"
9565,"FR159565",52,"M"
9573,"FR159573",48,"F"
9575,"FR159575",64,"F"
9576,"FR159576",82,"F"
9625,"FR159625",9,"F"
9631,"FR159631",67,"M"
9668,"FR159668",85,"F"
9687,"FR159687",16,"M"
9692,"FR159692",5,"M"
9704,"FR159704",10,"M"
9713,"FR159713",1,"M"
9720,"FR159720",42,"F"
9728,"FR159728",68,"M"
9772,"FR159772",3,"M"
9777,"FR159777",9,"M"
9804,"FR159804",19,"M"
9805,"FR159805",39,"M"
9809,"FR159809",66,"F"
9829,"FR159829",51,"M"
9830,"FR159830",9,"F"
9832,"FR159832",70,"F"
9840,"FR159840",18,"F"
9848,"FR159848",5,"F"
9855,"FR159855",74,"F"
9884,"FR159884",65,"F"
9896,"FR159896",71,"F"
9917,"FR159917",11,"M"
9920,"FR159920",53,"F"
9951,"FR159951",74,"M"
9953,"FR159953",67,"F"
9958,"FR159958",45,"F"
9959,"FR159959",47,"M"
9965,"FR159965",48,"M"
9973,"FR159973",12,"M"
9979,"FR159979",4,"F"
9981,"FR159981",54,"F"
9989,"FR159989",51,"F"
10016,"FR1510016",1,"F"
10042,"FR1510042",64,"M"
10043,"FR1510043",16,"M"
10102,"FR1510102",32,"F"
10137,"FR1510137",71,"F"
10140,"FR1510140",31,"F"
10141,"FR1510141",15,"M"
10162,"FR1510162",9,"M"
10166,"FR1510166",67,"F"
10198,"FR1510198",30,"M"
10209,"FR1510209",21,"F"
10230,"FR1510230",12,"F"
10274,"FR1510274",13,"F"
10278,"FR1510278",73,"M"
10293,"FR1510293",54,"M"
10303,"FR1510303",69,"F"
10312,"FR1510312",4,"M"
10337,"FR1510337",68,"F"
10344,"FR1510344",40,"F"
10345,"FR1510345",6,"M"
10351,"FR1510351",65,"F"
10378,"FR1510378",45,"M"
10387,"FR1510387",7,"F"
10395,"FR1510395",81,"F"
10428,"FR1510428",4,"F"
10431,"FR1510431",31,"M"
10432,"FR1510432",68,"M"
10439,"FR1510439",6,"M"
10460,"FR1510460",66,"M"
10476,"FR1510476",5,"M"
10478,"FR1510478",64,"M"
10487,"FR1510487",24,"F"
10511,"FR1510511",68,"M"
10513,"FR1510513",22,"M"
10517,"FR1510517",52,"F"
10529,"FR1510529",16,"M"
10536,"FR1510536",42,"M"
10547,"FR1510547",76,"F"
10548,"FR1510548",78,"F"
10557,"FR1510557",72,"F"
10558,"FR1510558",18,"F"
10561,"FR1510561",50,"F"
10563,"FR1510563",1,"M"
10564,"FR1510564",3,"M"
10571,"FR1510571",10,"M"
10599,"FR1510599",10,"F"
10609,"FR1510609",64,"M"
10610,"FR1510610",66,"F"
10616,"FR1510616",69,"M"
10626,"FR1510626",1,"M"
10632,"FR1510632",65,"M"
10636,"FR1510636",6,"M"
10642,"FR1510642",69,"M"
10647,"FR1510647",0,"F"
10663,"FR1510663",11,"F"
10694,"FR1510694",74,"F"
10695,"FR1510695",7,"M"
10696,"FR1510696",73,"M"
10708,"FR1510708",1,"F"
10710,"FR1510710",15,"M"
10716,"FR1510716",33,"F"
10728,"FR1510728",68,"M"
10755,"FR1510755",7,"F"
10788,"FR1510788",7,"F"
10792,"FR1510792",72,"F"
10811,"FR1510811",52,"F"
10821,"FR1510821",3,"F"
10823,"FR1510823",46,"M"
10824,"FR1510824",27,"M"
10831,"FR1510831",24,"F"
10832,"FR1510832",69,"M"
10836,"FR1510836",45,"M"
10837,"FR1510837",7,"M"
10844,"FR1510844",12,"F"
10848,"FR1510848",66,"M"
10860,"FR1510860",15,"M"
10884,"FR1510884",74,"F"
10937,"FR1510937",9,"F"
10977,"FR1510977",2,"F"
10981,"FR1510981",28,"F"
10988,"FR1510988",1,"F"
10996,"FR1510996",66,"M"
11004,"FR1511004",66,"F"
11017,"FR1511017",79,"F"
11024,"FR1511024",9,"M"
11032,"FR1511032",73,"F"
11034,"FR1511034",1,"F"
11041,"FR1511041",22,"F"
11042,"FR1511042",43,"F"
11045,"FR1511045",5,"F"
11059,"FR1511059",9,"M"
11065,"FR1511065",8,"F"
11066,"FR1511066",15,"F"
11073,"FR1511073",68,"F"
11088,"FR1511088",14,"M"
11099,"FR1511099",3,"F"
11103,"FR1511103",17,"M"
11116,"FR1511116",10,"F"
11122,"FR1511122",69,"M"
11143,"FR1511143",4,"M"
11161,"FR1511161",14,"M"
11170,"FR1511170",36,"F"
11176,"FR1511176",0,"M"
11177,"FR1511177",3,"M"
11178,"FR1511178",10,"F"
11190,"FR1511190",36,"F"
11194,"FR1511194",38,"F"
11204,"FR1511204",2,"M"
11206,"FR1511206",68,"M"
11208,"FR1511208",26,"F"
11234,"FR1511234",74,"M"
11252,"FR1511252",75,"F"
11258,"FR1511258",0,"M"
11265,"FR1511265",74,"F"
11267,"FR1511267",7,"F"
11275,"FR1511275",75,"M"
11288,"FR1511288",4,"F"
11292,"FR1511292",33,"F"
11297,"FR1511297",74,"M"
11301,"FR1511301",8,"M"
11316,"FR1511316",0,"M"
11319,"FR1511319",6,"F"
11320,"FR1511320",5,"F"
11321,"FR1511321",72,"F"
11330,"FR1511330",50,"F"
11337,"FR1511337",2,"F"
11343,"FR1511343",54,"M"
11348,"FR1511348",30,"F"
11356,"FR1511356",8,"M"
11360,"FR1511360",16,"M"
11368,"FR1511368",14,"M"
11396,"FR1511396",9,"M"
11404,"FR1511404",69,"M"
11406,"FR1511406",49,"F"
11416,"FR1511416",65,"F"
11421,"FR1511421",0,"F"
11471,"FR1511471",17,"F"
11484,"FR1511484",50,"F"
11502,"FR1511502",44,"F"
11515,"FR1511515",12,"F"
11522,"FR1511522",15,"F"
11528,"FR1511528",2,"F"
11540,"FR1511540",15,"F"
11545,"FR1511545",49,"F"
11555,"FR1511555",65,"M"
11623,"FR1511623",14,"M"
11638,"FR1511638",66,"F"
11639,"FR1511639",17,"M"
11653,"FR1511653",2,"M"
11665,"FR1511665",31,"M"
11679,"FR1511679",65,"M"
11692,"FR1511692",75,"M"
11696,"FR1511696",75,"M"
11719,"FR1511719",21,"M"
11738,"FR1511738",26,"M"
11748,"FR1511748",21,"F"
11803,"FR1511803",12,"M"
11819,"FR1511819",69,"F"
11852,"FR1511852",6,"F"
11872,"FR1511872",11,"M"
11881,"FR1511881",67,"F"
11931,"FR1511931",18,"F"
11934,"FR1511934",70,"M"
11941,"FR1511941",73,"M"
11984,"FR1511984",66,"M"
11993,"FR1511993",9,"M"
11998,"FR1511998",11,"M"
11999,"FR1511999",33,"F"
12005,"FR1512005",81,"M"
12047,"FR1512047",72,"F"
12052,"FR1512052",14,"F"
12079,"FR1512079",66,"F"
12088,"FR1512088",70,"F"
12090,"FR1512090",9,"M"
12112,"FR1512112",85,"F"
12113,"FR1512113",70,"F"
12116,"FR1512116",6,"M"
12125,"FR1512125",4,"M"
12130,"FR1512130",12,"M"
12134,"FR1512134",20,"F"
12136,"FR1512136",66,"M"
12166,"FR1512166",80,"F"
12184,"FR1512184",36,"M"
12206,"FR1512206",35,"M"
12215,"FR1512215",67,"M"
12216,"FR1512216",24,"M"
12218,"FR1512218",13,"F"
12222,"FR1512222",70,"M"
12224,"FR1512224",81,"F"
12242,"FR1512242",3,"M"
12244,"FR1512244",88,"F"
12245,"FR1512245",65,"M"
12249,"FR1512249",68,"F"
12257,"FR1512257",10,"F"
12266,"FR1512266",23,"F"
12278,"FR1512278",69,"F"
12291,"FR1512291",3,"M"
12294,"FR1512294",2,"F"
12314,"FR1512314",22,"M"
12331,"FR1512331",2,"F"
12354,"FR1512354",22,"F"
12366,"FR1512366",1,"M"
12382,"FR1512382",71,"F"
12397,"FR1512397",66,"F"
12410,"FR1512410",67,"F"
12432,"FR1512432",80,"F"
12434,"FR1512434",12,"F"
12436,"FR1512436",15,"F"
12459,"FR1512459",11,"F"
12467,"FR1512467",18,"F"
12480,"FR1512480",73,"M"
12510,"FR1512510",12,"M"
12532,"FR1512532",5,"F"
12542,"FR1512542",66,"F"
12548,"FR1512548",28,"M"
12551,"FR1512551",12,"M"
12581,"FR1512581",65,"F"
12588,"FR1512588",27,"F"
12599,"FR1512599",13,"F"
12608,"FR1512608",66,"M"
12623,"FR1512623",19,"M"
12643,"FR1512643",2,"F"
12704,"FR1512704",71,"M"
12713,"FR1512713",10,"M"
12796,"FR1512796",35,"F"
12800,"FR1512800",9,"F"
12803,"FR1512803",1,"F"
12808,"FR1512808",35,"F"
12844,"FR1512844",17,"F"
12861,"FR1512861",24,"F"
12867,"FR1512867",74,"M"
12880,"FR1512880",21,"M"
12915,"FR1512915",17,"F"
13027,"FR1513027",74,"F"
13032,"FR1513032",0,"F"
13034,"FR1513034",0,"M"
13045,"FR1513045",13,"M"
13056,"FR1513056",15,"M"
13077,"FR1513077",18,"F"
13080,"FR1513080",25,"F"
13122,"FR1513122",32,"M"
13123,"FR1513123",22,"M"
13176,"FR1513176",8,"M"
13194,"FR1513194",20,"M"
13208,"FR1513208",10,"M"
13213,"FR1513213",16,"F"
13238,"FR1513238",23,"M"
13248,"FR1513248",24,"F"
13257,"FR1513257",32,"M"
13268,"FR1513268",28,"M"
13315,"FR1513315",9,"M"
13321,"FR1513321",18,"M"
13329,"FR1513329",7,"M"
13332,"FR1513332",11,"M"
13334,"FR1513334",25,"F"
13339,"FR1513339",37,"M"
13348,"FR1513348",7,"M"
13393,"FR1513393",4,"M"
13405,"FR1513405",22,"F"
13515,"FR1513515",6,"M"
13543,"FR1513543",28,"M"
13559,"FR1513559",26,"F"
13568,"FR1513568",10,"F"
13580,"FR1513580",34,"F"
13599,"FR1513599",2,"F"
13601,"FR1513601",12,"F"
13605,"FR1513605",46,"F"
13613,"FR1513613",9,"M"
13659,"FR1513659",5,"F"
13681,"FR1513681",22,"M"
13682,"FR1513682",22,"M"
13690,"FR1513690",8,"F"
13691,"FR1513691",7,"F"
13739,"FR1513739",19,"F"
13751,"FR1513751",39,"M"
13774,"FR1513774",24,"F"
13795,"FR1513795",8,"F"
13818,"FR1513818",10,"F"
13826,"FR1513826",35,"F"
13878,"FR1513878",17,"M"
13886,"FR1513886",14,"M"
13921,"FR1513921",8,"F"
13999,"FR1513999",28,"F"
14001,"FR1514001",12,"M"
14002,"FR1514002",18,"M"
14079,"FR1514079",23,"F"
14110,"FR1514110",35,"M"
14112,"FR1514112",7,"M"
14129,"FR1514129",35,"M"
14154,"FR1514154",14,"F"
14160,"FR1514160",35,"F"
14171,"FR1514171",13,"F"
14175,"FR1514175",17,"M"
14187,"FR1514187",32,"M"
14205,"FR1514205",7,"M"
14207,"FR1514207",30,"F"
14216,"FR1514216",11,"F"
14251,"FR1514251",11,"F"
14257,"FR1514257",7,"F"
14278,"FR1514278",14,"M"
14372,"FR1514372",7,"F"
14385,"FR1514385",17,"F"
14390,"FR1514390",32,"M"
14409,"FR1514409",18,"M"
14438,"FR1514438",7,"M"
14449,"FR1514449",20,"F"
14459,"FR1514459",0,"F"
14488,"FR1514488",36,"M"
14539,"FR1514539",9,"F"
14547,"FR1514547",22,"F"
14555,"FR1514555",4,"M"
14568,"FR1514568",4,"M"
14599,"FR1514599",10,"F"
14657,"FR1514657",5,"M"
14660,"FR1514660",3,"M"
14696,"FR1514696",11,"F"
14719,"FR1514719",10,"M"
14753,"FR1514753",30,"F"
14767,"FR1514767",38,"F"
14768,"FR1514768",4,"F"
14769,"FR1514769",2,"M"
14771,"FR1514771",35,"M"
14834,"FR1514834",7,"M"
14836,"FR1514836",3,"F"
14874,"FR1514874",8,"M"
14877,"FR1514877",2,"F"
14883,"FR1514883",7,"M"
14896,"FR1514896",19,"F"
14933,"FR1514933",19,"F"
14935,"FR1514935",5,"M"
14983,"FR1514983",5,"M"
15007,"FR1515007",16,"F"
15013,"FR1515013",15,"M"
15044,"FR1515044",23,"M"
15054,"FR1515054",1,"F"
15101,"FR1515101",4,"F"
15107,"FR1515107",2,"M"
15127,"FR1515127",8,"F"
15132,"FR1515132",17,"M"
15145,"FR1515145",30,"F"
15169,"FR1515169",1,"F"
15193,"FR1515193",9,"M"
15204,"FR1515204",37,"M"
15218,"FR1515218",38,"M"
15220,"FR1515220",1,"F"
15233,"FR1515233",35,"F"
15274,"FR1515274",24,"F"
15309,"FR1515309",38,"M"
15360,"FR1515360",15,"M"
15376,"FR1515376",4,"M"
15383,"FR1515383",22,"M"
15434,"FR1515434",14,"F"
15441,"FR1515441",7,"F"
15450,"FR1515450",4,"F"
15469,"FR1515469",8,"F"
15489,"FR1515489",8,"M"
15530,"FR1515530",16,"F"
15535,"FR1515535",20,"M"
15538,"FR1515538",10,"M"
15543,"FR1515543",8,"M"
15546,"FR1515546",37,"F"
15569,"FR1515569",9,"F"
15589,"FR1515589",39,"F"
15591,"FR1515591",19,"F"
15601,"FR1515601",8,"F"
15626,"FR1515626",9,"F"
15630,"FR1515630",4,"M"
15636,"FR1515636",14,"F"
15676,"FR1515676",1,"M"
15689,"FR1515689",19,"M"
15757,"FR1515757",13,"M"
15767,"FR1515767",39,"F"
15771,"FR1515771",16,"F"
15774,"FR1515774",39,"F"
15811,"FR1515811",2,"F"
15817,"FR1515817",17,"M"
15842,"FR1515842",22,"M"
15856,"FR1515856",2,"F"
15870,"FR1515870",8,"M"
16029,"FR1516029",17,"F"
16039,"FR1516039",8,"M"
16053,"FR1516053",3,"M"
16065,"FR1516065",1,"F"
16069,"FR1516069",10,"F"
16071,"FR1516071",9,"F"
16076,"FR1516076",38,"M"
16084,"FR1516084",32,"F"
16092,"FR1516092",18,"M"
16093,"FR1516093",4,"F"
16115,"FR1516115",13,"F"
16116,"FR1516116",5,"M"
16211,"FR1516211",0,"M"
16286,"FR1516286",28,"F"
16317,"FR1516317",20,"M"
16328,"FR1516328",2,"F"
16422,"FR1516422",15,"F"
16429,"FR1516429",2,"F"
16431,"FR1516431",31,"F"
16443,"FR1516443",14,"F"
16463,"FR1516463",11,"M"
16494,"FR1516494",21,"F"
16523,"FR1516523",3,"F"
16538,"FR1516538",8,"M"
16558,"FR1516558",5,"M"
16560,"FR1516560",32,"F"
16562,"FR1516562",19,"F"
16564,"FR1516564",2,"M"
16596,"FR1516596",31,"M"
16614,"FR1516614",3,"F"
16667,"FR1516667",23,"F"
16687,"FR1516687",5,"F"
16711,"FR1516711",32,"F"
16731,"FR1516731",29,"M"
16758,"FR1516758",28,"F"
16766,"FR1516766",33,"F"
16843,"FR1516843",34,"F"
16855,"FR1516855",29,"F"
16869,"FR1516869",9,"M"
16945,"FR1516945",36,"F"
16959,"FR1516959",11,"F"
16965,"FR1516965",2,"M"
17017,"FR1517017",38,"F"
17035,"FR1517035",17,"F"
17073,"FR1517073",8,"M"
17075,"FR1517075",2,"M"
17077,"FR1517077",12,"F"
17112,"FR1517112",2,"F"
17157,"FR1517157",34,"M"
17158,"FR1517158",7,"F"
17174,"FR1517174",35,"M"
17183,"FR1517183",27,"F"
17187,"FR1517187",5,"F"
17229,"FR1517229",6,"F"
17254,"FR1517254",3,"M"
17271,"FR1517271",25,"F"
17290,"FR1517290",5,"F"
17303,"FR1517303",39,"F"
17305,"FR1517305",30,"F"
17324,"FR1517324",7,"F"
17328,"FR1517328",3,"F"
17337,"FR1517337",21,"M"
17360,"FR1517360",27,"F"
17369,"FR1517369",39,"F"
17398,"FR1517398",38,"M"
17434,"FR1517434",4,"M"
17457,"FR1517457",7,"F"
17471,"FR1517471",9,"F"
17482,"FR1517482",1,"F"
17521,"FR1517521",5,"F"
17531,"FR1517531",9,"M"
17548,"FR1517548",5,"M"
17626,"FR1517626",3,"M"
17637,"FR1517637",9,"F"
17641,"FR1517641",24,"M"
17650,"FR1517650",0,"M"
17658,"FR1517658",21,"M"
17700,"FR1517700",2,"M"
17702,"FR1517702",18,"M"
17712,"FR1517712",8,"M"
17728,"FR1517728",8,"F"
17765,"FR1517765",2,"F"
17777,"FR1517777",24,"M"
17843,"FR1517843",4,"M"
17863,"FR1517863",23,"M"
17947,"FR1517947",6,"F"
17960,"FR1517960",2,"F"
17963,"FR1517963",2,"M"
18038,"FR1518038",4,"F"
18069,"FR1518069",9,"M"
18089,"FR1518089",20,"F"
18124,"FR1518124",22,"F"
18156,"FR1518156",20,"F"
18162,"FR1518162",3,"M"
18178,"FR1518178",3,"M"
18252,"FR1518252",24,"F"
18272,"FR1518272",1,"M"
18293,"FR1518293",22,"F"
18296,"FR1518296",22,"M"
18306,"FR1518306",8,"F"
18352,"FR1518352",20,"M"
18376,"FR1518376",2,"M"
18408,"FR1518408",10,"F"
18447,"FR1518447",18,"F"
18456,"FR1518456",0,"M"
18477,"FR1518477",19,"F"
18500,"FR1518500",9,"M"
18533,"FR1518533",3,"F"
18568,"FR1518568",1,"M"
18589,"FR1518589",3,"M"
18616,"FR1518616",5,"M"
18628,"FR1518628",24,"F"
18752,"FR1518752",1,"F"
18775,"FR1518775",9,"M"
18831,"FR1518831",21,"F"
18853,"FR1518853",23,"F"
18914,"FR1518914",23,"F"
18924,"FR1518924",6,"F"
18960,"FR1518960",4,"F"
18999,"FR1518999",4,"M"
19071,"FR1519071",4,"M"
19073,"FR1519073",3,"M"
19089,"FR1519089",20,"F"
19111,"FR1519111",3,"F"
19126,"FR1519126",6,"F"
19169,"FR1519169",6,"F"
19203,"FR1519203",5,"M"
19288,"FR1519288",20,"F"
19340,"FR1519340",6,"M"
19359,"FR1519359",3,"F"
19372,"FR1519372",23,"F"
19424,"FR1519424",5,"F"
